index,model_name,val_max_seq_length,val_acc,test_max_seq_length,test_acc,f1_micro,f1_weighted
0,cnn,20,0.739675,20,0.713896,0.715371,0.684062
1,text cnn,20,0.755552,20,0.728208,0.729493,0.701394
2,dcnn,20,0.748982,20,0.724461,0.726036,0.696506
3,rcnn,20,0.739967,20,0.717,0.71846,0.680378
4,lstm,20,0.752173,20,0.724785,0.726305,0.691625
5,bi lstm,20,0.746713,20,0.721935,0.723388,0.687552
6,gru,20,0.736522,20,0.717629,0.719147,0.682616
7,bi gru,20,0.732389,20,0.714992,0.716499,0.680516
