index,model_name,val_max_seq_length,val_acc,test_max_seq_length,test_acc,f1_micro,f1_weighted
0,cnn,50,0.748181,50,0.728711,0.730081,0.697626
1,text cnn,25,0.761529,35,0.735303,0.7367,0.711557
2,dcnn,45,0.756701,40,0.734782,0.736455,0.70719
3,rcnn,45,0.749317,50,0.730143,0.731797,0.695602
4,lstm,45,0.757151,45,0.737223,0.738907,0.706549
5,bi lstm,45,0.753046,50,0.732829,0.734494,0.700724
6,gru,30,0.746395,35,0.728678,0.730326,0.696553
7,bi gru,35,0.74303,35,0.729134,0.731062,0.697776
