index,model_name,embedding_type,vocab_size,max_seq_length,use_punct,embedding_dim,train_loss,train_acc,val_loss,val_acc,test_loss,test_acc,precision_micro,recall_micro,f1_micro,precision_macro,recall_macro,f1_macro,precision_weighted,recall_weighted,f1_weighted
0,bert,bert,10000,128,False,768,0.468006164,0.842949616,1.0072591229999999,0.768694452,0.755423536,0.760678702,0.7620985535670508,0.7620985535670508,0.7620985535670507,0.5245801046702966,0.42748932329559686,0.5245801046702966,0.7380233847385677,0.7620985535670508,0.7380544357524759
1,convert,convert,10000,128,True,512,0.60473959,0.783114394,0.9113695500000001,0.765389906,0.8218247759999999,0.743066397,0.7444962000490316,0.7444962000490316,0.7444962000490316,0.493989000450215,0.39022875860938305,0.493989000450215,0.720869711245024,0.7444962000490316,0.7188932480373201
2,elmo,elmo,10000,128,True,1024,0.6829762309999999,0.771326657,0.73467054,0.7599929990000001,0.8305974749999999,0.7318912550000001,0.7336356950232901,0.7336356950232901,0.7336356950232901,0.4792061809266329,0.40366451826245964,0.4792061809266329,0.7077102516522057,0.7336356950232901,0.7094656781879813
3,use,use,10000,128,True,512,0.7535951169999999,0.752549398,0.727429433,0.762035731,0.8373789500000001,0.7350634800000001,0.736209855356705,0.736209855356705,0.736209855356705,0.4784706537339184,0.39574576686106266,0.4784706537339184,0.714371974685399,0.736209855356705,0.712386385625054
4,mlstm char lm,mlstm_char_lm,10000,128,True,4096,0.692108876,0.762005511,0.761838888,0.757773384,0.849324126,0.7347591050000001,0.7362098553567049,0.7362098553567049,0.7362098553567049,0.4900780396089209,0.38821525803863255,0.4900780396089209,0.7123416708366708,0.7362098553567049,0.711722002564865
5,nnlm,nnlm,10000,128,True,128,0.8089947869999999,0.7436062179999999,0.827655393,0.7344434710000001,0.9553947359999999,0.701228839,0.7022064231429272,0.7022064231429272,0.7022064231429272,0.4129471477441225,0.33588527833678195,0.4129471477441225,0.6682486621410566,0.7022064231429272,0.6725564980409235
