index,model_name,embedding_type,vocab_size,max_seq_length,use_punct,embedding_dim,train_loss,train_acc,val_loss,val_acc,test_loss,test_acc,precision_micro,recall_micro,f1_micro,precision_macro,recall_macro,f1_macro,precision_weighted,recall_weighted,f1_weighted
0,elmo,elmo,10000,128,True,1024,0.6829762309999998,0.771326657,0.73467054,0.7599929990000002,0.8305974749999999,0.7318912550000001,0.73363569502329,0.73363569502329,0.73363569502329,0.4792061809266328,0.40366451826245964,0.4792061809266328,0.7077102516522057,0.73363569502329,0.7094656781879815
1,bert,bert,10000,128,False,768,0.468006164,0.842949616,1.0072591229999999,0.768694452,0.7554235359999999,0.7606787020000001,0.7620985535670509,0.7620985535670509,0.7620985535670508,0.5245801046702965,0.42748932329559686,0.5245801046702965,0.7380233847385677,0.7620985535670509,0.7380544357524758
2,use,use,10000,128,True,512,0.7535951169999999,0.752549398,0.727429433,0.7620357309999999,0.8373789500000001,0.73506348,0.736209855356705,0.736209855356705,0.736209855356705,0.4784706537339184,0.39574576686106266,0.4784706537339184,0.714371974685399,0.736209855356705,0.7123863856250539
3,nnlm,nnlm,10000,128,True,128,0.8089947869999999,0.7436062179999999,0.8276553929999999,0.7344434709999998,0.9553947360000002,0.701228839,0.7022064231429271,0.7022064231429271,0.7022064231429271,0.4129471477441225,0.33588527833678195,0.4129471477441225,0.6682486621410566,0.7022064231429271,0.6725564980409235
4,mlstm char lm,mlstm_char_lm,10000,128,True,4096,0.692108876,0.7620055109999999,0.761838888,0.7577733840000002,0.8493241259999997,0.7347591050000001,0.7362098553567051,0.7362098553567051,0.7362098553567051,0.49007803960892077,0.3882152580386325,0.49007803960892077,0.7123416708366708,0.7362098553567051,0.711722002564865
